character,season,mot_1,score_1,mot_2,score_2,mot_3,score_3,mot_4,score_4,mot_5,score_5,mot_6,score_6,mot_7,score_7,mot_8,score_8,mot_9,score_9,mot_10,score_10,mot_1_filtre,score_1_filtre,mot_2_filtre,score_2_filtre,mot_3_filtre,score_3_filtre,mot_4_filtre,score_4_filtre,mot_5_filtre,score_5_filtre,mot_6_filtre,score_6_filtre,mot_7_filtre,score_7_filtre,mot_8_filtre,score_8_filtre,mot_9_filtre,score_9_filtre,mot_10_filtre,score_10_filtre
Chandler,ALL,eddie,0.2884089518414852,closet,0.21251185925162067,cameras,0.18215302221567486,pack,0.16697360369770195,dum,0.16697360369770195,mary,0.15179418517972906,gum,0.15179418517972906,puts,0.15179418517972906,sperm,0.15179418517972906,growing,0.15179418517972906,closet,0.22807232435787606,cameras,0.19549056373532234,dum,0.17919968342404546,pack,0.17919968342404546,sperm,0.16290880311276862,puts,0.16290880311276862,mary,0.16290880311276862,growing,0.16290880311276862,gum,0.16290880311276862,lovely,0.14661792280149175
Joey,ALL,scene,0.3321640231285792,agent,0.22836276590089816,remoray,0.18684226300982576,fridge,0.17646213728705767,thursday,0.1660820115642896,estelle,0.1660820115642896,comin,0.15570188584152148,character,0.15570188584152148,knicks,0.1453217601187534,porsche,0.1453217601187534,scene,0.34079213077456433,agent,0.23429458990751298,remoray,0.19169557356069244,fridge,0.1810458194739873,thursday,0.17039606538728216,character,0.15974631130057704,comin,0.15974631130057704,knicks,0.14909655721387188,twin,0.14909655721387188,porsche,0.14909655721387188
Ross,ALL,susan,0.3745888167763052,correct,0.276012812361488,professor,0.21686720971259774,elizabeth,0.1971520088296343,museum,0.17743680794667085,paleontology,0.15772160706370744,hanukkah,0.138006406180744,holiday,0.1281488057392623,twice,0.1281488057392623,breast,0.11829120529778057,correct,0.3046539295835556,professor,0.23937094467279368,museum,0.19584895473228572,paleontology,0.17408795976203176,hanukkah,0.1523269647917778,twice,0.1414464673066508,holiday,0.1414464673066508,breast,0.13056596982152383,team,0.13056596982152383,bottle,0.11968547233639684
Rachel,ALL,barry,0.3395757952184672,joshua,0.3196007484409103,ralph,0.30961322505213185,tag,0.2496880847194612,lauren,0.2496880847194612,amy,0.21972551455312583,paolo,0.19975046777556896,mindy,0.17977542099801205,gavin,0.15980037422045515,shoe,0.1498128508316767,ralph,0.42706855400474064,lauren,0.34441012419737155,shoe,0.20664607451842293,desk,0.20664607451842293,copy,0.20664607451842293,soo,0.19286966955052806,paris,0.16531685961473833,danny,0.16531685961473833,yelling,0.15154045464684346,kitty,0.15154045464684346
Phoebe,ALL,frank,0.4015287192394122,massage,0.361375847315471,smelly,0.3312611933725151,buffay,0.2509554495246326,killed,0.1907261416387208,ursula,0.1706497056767502,alice,0.1706497056767502,birth,0.15057326971477958,guitar,0.14053505173379427,singing,0.13049683375280896,frank,0.4324134811977011,massage,0.389172133077931,smelly,0.3567411219881035,killed,0.20539640356890804,alice,0.183775729509023,birth,0.1621550554491379,guitar,0.1513447184191954,singing,0.14053438138925287,jack,0.14053438138925287,songs,0.12972404435931034
Monica,ALL,pete,0.39044790654240036,adoption,0.1867359553028871,michelle,0.1867359553028871,hates,0.1867359553028871,bath,0.169759959366261,erica,0.169759959366261,nana,0.169759959366261,potatoes,0.169759959366261,plates,0.169759959366261,borrowed,0.169759959366261,hates,0.22044132441545564,adoption,0.22044132441545564,bath,0.20040120401405057,plates,0.20040120401405057,potatoes,0.20040120401405057,borrowed,0.20040120401405057,pounds,0.18036108361264552,wild,0.18036108361264552,flight,0.18036108361264552,taste,0.16032096321124045
Chandler,S02,susie,0.18831089428867698,snake,0.15064871543094158,fruit,0.15064871543094158,falls,0.15064871543094158,congratulations,0.15064871543094158,bud,0.11298653657320619,tailor,0.11298653657320619,underpants,0.11298653657320619,growing,0.11298653657320619,eats,0.11298653657320619,susie,0.1897974045002805,congratulations,0.15183792360022438,falls,0.15183792360022438,fruit,0.15183792360022438,snake,0.15183792360022438,eats,0.11387844270016828,underpants,0.11387844270016828,bud,0.11387844270016828,growing,0.11387844270016828,brilliance,0.07591896180011219
Joey,S02,bijan,0.36410102732822996,lady,0.20227834851568333,scene,0.16182267881254667,peeking,0.16182267881254667,willing,0.16182267881254667,remoray,0.16182267881254667,goo,0.16182267881254667,acting,0.12136700910940999,processing,0.12136700910940999,outta,0.12136700910940999,bijan,0.36410102732822996,lady,0.20227834851568333,willing,0.16182267881254667,goo,0.16182267881254667,peeking,0.16182267881254667,scene,0.16182267881254667,remoray,0.16182267881254667,acting,0.12136700910940999,neurosurgeon,0.12136700910940999,naked,0.12136700910940999
Ross,S02,toy,0.187382922248965,thro,0.187382922248965,waved,0.149906337799172,scotch,0.149906337799172,jungle,0.149906337799172,messages,0.11242975334937899,thquirt,0.11242975334937899,whad,0.11242975334937899,hans,0.11242975334937899,goodnight,0.11242975334937899,toy,0.18751465015433696,thro,0.18751465015433696,waved,0.15001172012346958,scotch,0.15001172012346958,jungle,0.15001172012346958,thquirt,0.11250879009260219,messages,0.11250879009260219,goodnight,0.11250879009260219,whad,0.11250879009260219,hans,0.11250879009260219
Rachel,S02,paolo,0.29524069878307346,copa,0.24603391565256122,adding,0.19682713252204898,pigeon,0.14762034939153673,clobbered,0.14762034939153673,clean,0.14762034939153673,market,0.09841356626102449,wineburg,0.09841356626102449,pillow,0.09841356626102449,reasons,0.09841356626102449,copa,0.2578553115646981,adding,0.20628424925175848,pigeon,0.15471318693881886,clobbered,0.15471318693881886,clean,0.15471318693881886,market,0.10314212462587924,pillow,0.10314212462587924,shoulders,0.10314212462587924,lands,0.10314212462587924,reasons,0.10314212462587924
Phoebe,S02,adelman,0.30002344024693917,double,0.187514650154337,guitar,0.15001172012346958,songs,0.15001172012346958,yeller,0.15001172012346958,agree,0.1125087900926022,repeat,0.1125087900926022,lather,0.1125087900926022,grandmother,0.1125087900926022,bras,0.1125087900926022,double,0.19672236884115807,guitar,0.15737789507292646,yeller,0.15737789507292646,songs,0.15737789507292646,bras,0.11803342130469484,grandmother,0.11803342130469484,dice,0.11803342130469484,dies,0.11803342130469484,fancy,0.11803342130469484,spirit,0.11803342130469484
Monica,S02,benny,0.22032632461961546,chop,0.17626105969569236,terrible,0.17626105969569236,wenny,0.13219579477176926,guts,0.13219579477176926,hates,0.13219579477176926,gloves,0.13219579477176926,sauti,0.13219579477176926,steaks,0.13219579477176926,treat,0.08813052984784618,benny,0.22075539284417356,terrible,0.17660431427533885,chop,0.17660431427533885,sauti,0.13245323570650414,steaks,0.13245323570650414,gloves,0.13245323570650414,guts,0.13245323570650414,wenny,0.13245323570650414,hates,0.13245323570650414,shorter,0.08830215713766942
Chandler,S07,stories,0.19289712886816454,biology,0.14467284665112343,anxiety,0.14467284665112343,brave,0.14467284665112343,panic,0.14467284665112343,romantic,0.14467284665112343,hint,0.09644856443408227,ude,0.09644856443408227,derrick,0.09644856443408227,fresh,0.09644856443408227,stories,0.19312181983410676,romantic,0.14484136487558005,panic,0.14484136487558005,brave,0.14484136487558005,biology,0.14484136487558005,anxiety,0.14484136487558005,spitter,0.09656090991705338,shop,0.09656090991705338,listening,0.09656090991705338,newman,0.09656090991705338
Joey,S07,terry,0.19952172111690522,remoray,0.19952172111690522,coma,0.15961737689352418,whack,0.15961737689352418,drake,0.15961737689352418,soapie,0.15961737689352418,winner,0.11971303267014313,agent,0.11971303267014313,director,0.11971303267014313,barn,0.11971303267014313,remoray,0.19952172111690522,terry,0.19952172111690522,soapie,0.15961737689352418,drake,0.15961737689352418,coma,0.15961737689352418,whack,0.15961737689352418,script,0.11971303267014313,playstation,0.11971303267014313,hoop,0.11971303267014313,director,0.11971303267014313
Ross,S07,professor,0.3157348151855428,slide,0.1578674075927714,pivot,0.1578674075927714,lift,0.1578674075927714,climb,0.1578674075927714,bapstein,0.1578674075927714,piv,0.11840055569457855,morse,0.11840055569457855,students,0.11840055569457855,maccabees,0.11840055569457855,professor,0.3167230329859578,slide,0.1583615164929789,pivot,0.1583615164929789,lift,0.1583615164929789,climb,0.1583615164929789,bapstein,0.1583615164929789,piv,0.11877113736973417,maccabees,0.11877113736973417,morse,0.11877113736973417,lips,0.11877113736973417
Rachel,S07,desk,0.3061114927173517,contracts,0.2295836195380138,bla,0.15305574635867586,evaluation,0.15305574635867586,switch,0.15305574635867586,zelner,0.15305574635867586,tuxedos,0.1147918097690069,gown,0.1147918097690069,sisters,0.1147918097690069,digital,0.07652787317933793,desk,0.3097612370649458,contracts,0.23232092779870933,bla,0.1548806185324729,evaluation,0.1548806185324729,switch,0.1548806185324729,tuxedos,0.11616046389935467,gown,0.11616046389935467,sisters,0.11616046389935467,addressed,0.07744030926623645,tough,0.07744030926623645
Phoebe,S07,earl,0.30769230769230715,headache,0.23076923076923037,toner,0.19230769230769199,reset,0.19230769230769199,button,0.19230769230769199,supply,0.15384615384615358,regular,0.15384615384615358,birth,0.15384615384615358,swelling,0.11538461538461518,russia,0.11538461538461518,earl,0.31069425495224634,headache,0.23302069121418478,button,0.19418390934515398,toner,0.19418390934515398,reset,0.19418390934515398,regular,0.15534712747612317,birth,0.15534712747612317,supply,0.15534712747612317,russia,0.11651034560709239,celery,0.11651034560709239
Monica,S07,planning,0.1827646649539812,inches,0.1370734987154859,laughing,0.1370734987154859,sixth,0.1370734987154859,lounger,0.1370734987154859,grand,0.1370734987154859,fund,0.1370734987154859,clark,0.1370734987154859,barca,0.1370734987154859,swedish,0.0913823324769906,planning,0.18295574149853897,inches,0.13721680612390422,laughing,0.13721680612390422,sixth,0.13721680612390422,lounger,0.13721680612390422,grand,0.13721680612390422,fund,0.13721680612390422,clark,0.13721680612390422,barca,0.13721680612390422,nutmeg,0.09147787074926948
Chandler,S05,dum,0.4203313517091977,rocks,0.16813254068367908,smoked,0.1260994055127593,racquet,0.1260994055127593,wake,0.1260994055127593,months,0.1260994055127593,dictionary,0.1260994055127593,cooking,0.1260994055127593,condoms,0.1260994055127593,bridge,0.1260994055127593,dum,0.4203313517091977,rocks,0.16813254068367908,bridge,0.1260994055127593,attracted,0.1260994055127593,cooking,0.1260994055127593,art,0.1260994055127593,dictionary,0.1260994055127593,wake,0.1260994055127593,condoms,0.1260994055127593,months,0.1260994055127593
Joey,S05,noodle,0.2574846452537241,treat,0.17165643016914942,hooked,0.17165643016914942,choo,0.17165643016914942,italian,0.12874232262686205,casting,0.12874232262686205,born,0.12874232262686205,situation,0.08582821508457471,millionaire,0.08582821508457471,smiling,0.08582821508457471,noodle,0.25843829535236823,hooked,0.1722921969015788,treat,0.1722921969015788,choo,0.1722921969015788,italian,0.12921914767618412,casting,0.12921914767618412,born,0.12921914767618412,smiling,0.0861460984507894,sweatshirt,0.0861460984507894,typical,0.0861460984507894
Ross,S05,cousin,0.18088625265845357,piv,0.18088625265845357,shelf,0.13566468949384017,freaks,0.13566468949384017,breathe,0.13566468949384017,note,0.13566468949384017,principles,0.13566468949384017,rage,0.13566468949384017,sabbatical,0.13566468949384017,seize,0.13566468949384017,cousin,0.18144368465060554,piv,0.18144368465060554,breathe,0.13608276348795414,sabbatical,0.13608276348795414,freaks,0.13608276348795414,rage,0.13608276348795414,note,0.13608276348795414,seize,0.13608276348795414,shelter,0.13608276348795414,shelf,0.13608276348795414
Rachel,S05,gala,0.26186146828319057,courage,0.26186146828319057,yeti,0.21821789023599214,regatta,0.1745743121887937,smoking,0.1745743121887937,invitation,0.13093073414159528,litigious,0.13093073414159528,lent,0.13093073414159528,quit,0.13093073414159528,shows,0.13093073414159528,gala,0.26311740579210846,courage,0.26311740579210846,yeti,0.21926450482675708,smoking,0.17541160386140567,regatta,0.17541160386140567,shows,0.13155870289605423,litigious,0.13155870289605423,quit,0.13155870289605423,sort,0.13155870289605423,lent,0.13155870289605423
Phoebe,S05,larry,0.19611613513818368,joy,0.19611613513818368,backup,0.19611613513818368,names,0.15689290811054693,simmons,0.15689290811054693,buffay,0.15689290811054693,lilly,0.1176696810829102,sympathy,0.1176696810829102,pool,0.1176696810829102,pepperoni,0.1176696810829102,larry,0.19873215837929067,joy,0.19873215837929067,backup,0.19873215837929067,simmons,0.15898572670343253,names,0.15898572670343253,pool,0.11923929502757441,pepperoni,0.11923929502757441,abandonment,0.11923929502757441,sympathy,0.11923929502757441,undo,0.11923929502757441
Monica,S05,blah,0.16718346377260568,tuscan,0.11145564251507045,weak,0.11145564251507045,spoil,0.11145564251507045,photos,0.11145564251507045,trap,0.11145564251507045,photo,0.11145564251507045,subject,0.11145564251507045,152,0.11145564251507045,salsa,0.11145564251507045,blah,0.16718346377260568,award,0.11145564251507045,basted,0.11145564251507045,weak,0.11145564251507045,bug,0.11145564251507045,bothers,0.11145564251507045,birthdays,0.11145564251507045,bomb,0.11145564251507045,culinary,0.11145564251507045,charming,0.11145564251507045
Chandler,S09,ken,0.14845392380504072,pays,0.11134044285378054,paris,0.11134044285378054,service,0.11134044285378054,loving,0.11134044285378054,vermont,0.11134044285378054,pack,0.11134044285378054,picturing,0.11134044285378054,hip,0.11134044285378054,hint,0.11134044285378054,ken,0.14865882924943288,pays,0.11149412193707467,pack,0.11149412193707467,paris,0.11149412193707467,picturing,0.11149412193707467,loving,0.11149412193707467,ham,0.11149412193707467,dictionary,0.11149412193707467,service,0.11149412193707467,vermont,0.11149412193707467
Joey,S09,extras,0.17524318173532907,puppy,0.17524318173532907,stable,0.1314323863014968,carry,0.1314323863014968,dirk,0.1314323863014968,thong,0.1314323863014968,producer,0.1314323863014968,princess,0.1314323863014968,famous,0.08762159086766454,character,0.08762159086766454,extras,0.17524318173532907,puppy,0.17524318173532907,stable,0.1314323863014968,dirk,0.1314323863014968,carry,0.1314323863014968,thong,0.1314323863014968,princess,0.1314323863014968,producer,0.1314323863014968,headshot,0.08762159086766454,bruises,0.08762159086766454
Ross,S09,prize,0.22661687238014885,keynote,0.15107791492009923,mesozoic,0.15107791492009923,towing,0.11330843619007443,conference,0.11330843619007443,albert,0.11330843619007443,scans,0.11330843619007443,hum,0.11330843619007443,michelle,0.11330843619007443,plenty,0.11330843619007443,prize,0.22825075707255948,keynote,0.15216717138170632,mesozoic,0.15216717138170632,scans,0.11412537853627974,plenty,0.11412537853627974,towing,0.11412537853627974,hum,0.11412537853627974,conference,0.11412537853627974,albert,0.11412537853627974,palaeontology,0.07608358569085316
Rachel,S09,presentation,0.1987615979999809,rap,0.1987615979999809,surprised,0.1987615979999809,button,0.14907119849998565,creep,0.14907119849998565,morgan,0.14907119849998565,finished,0.09938079899999044,drapes,0.09938079899999044,crawling,0.09938079899999044,dial,0.09938079899999044,rap,0.20075424529139782,presentation,0.20075424529139782,surprised,0.20075424529139782,morgan,0.15056568396854836,creep,0.15056568396854836,button,0.15056568396854836,push,0.10037712264569891,nap,0.10037712264569891,scarf,0.10037712264569891,medieval,0.10037712264569891
Phoebe,S09,garlic,0.2039542541120005,yummy,0.1631634032896004,minsk,0.1631634032896004,someday,0.1223725524672003,lowell,0.1223725524672003,mary,0.1223725524672003,lived,0.1223725524672003,ellen,0.1223725524672003,children,0.1223725524672003,ooooohhhhh,0.0815817016448002,garlic,0.2069014721505914,yummy,0.16552117772047314,someday,0.12414088329035484,mary,0.12414088329035484,lowell,0.12414088329035484,lived,0.12414088329035484,ellen,0.12414088329035484,children,0.12414088329035484,puppet,0.08276058886023657,master,0.08276058886023657
Monica,S09,geoffrey,0.22564684120326187,sort,0.1805174729626095,meddle,0.1805174729626095,nancy,0.13538810472195711,javo,0.13538810472195711,humidity,0.13538810472195711,umhmm,0.09025873648130475,meddled,0.09025873648130475,lowered,0.09025873648130475,magazines,0.09025873648130475,geoffrey,0.22564684120326187,sort,0.1805174729626095,meddle,0.1805174729626095,javo,0.13538810472195711,humidity,0.13538810472195711,nancy,0.13538810472195711,cellphone,0.09025873648130475,bouncy,0.09025873648130475,folders,0.09025873648130475,erection,0.09025873648130475
Chandler,S08,developed,0.14433756729740624,donut,0.14433756729740624,duties,0.14433756729740624,lessons,0.14433756729740624,sun,0.14433756729740624,split,0.14433756729740624,tomatoes,0.09622504486493749,troubles,0.09622504486493749,glamorous,0.09622504486493749,doug,0.09622504486493749,donut,0.14501047335684936,duties,0.14501047335684936,developed,0.14501047335684936,lessons,0.14501047335684936,sun,0.14501047335684936,split,0.14501047335684936,dilating,0.09667364890456623,data,0.09667364890456623,factoring,0.09667364890456623,sierra,0.09667364890456623
Joey,S08,talkin,0.23810273703976306,memories,0.1587351580265087,audition,0.1587351580265087,sexually,0.11905136851988153,mayhem,0.11905136851988153,premiere,0.11905136851988153,millions,0.11905136851988153,knowing,0.11905136851988153,fan,0.11905136851988153,comin,0.11905136851988153,talkin,0.23810273703976306,memories,0.1587351580265087,audition,0.1587351580265087,premiere,0.11905136851988153,mayhem,0.11905136851988153,millions,0.11905136851988153,sexually,0.11905136851988153,knowing,0.11905136851988153,fan,0.11905136851988153,comin,0.11905136851988153
Ross,S08,ezel,0.20906050250177233,lesabre,0.16724840200141786,spud,0.1254363015010634,color,0.1254363015010634,emotional,0.1254363015010634,dying,0.1254363015010634,wha,0.1254363015010634,clickclocken,0.1254363015010634,far,0.1254363015010634,professor,0.1254363015010634,ezel,0.20906050250177233,lesabre,0.16724840200141786,professor,0.1254363015010634,spud,0.1254363015010634,wha,0.1254363015010634,salmon,0.1254363015010634,far,0.1254363015010634,emotional,0.1254363015010634,dying,0.1254363015010634,color,0.1254363015010634
Rachel,S08,contraction,0.18033392693348602,rub,0.13525044520011453,chinese,0.13525044520011453,centimeters,0.13525044520011453,cash,0.13525044520011453,marketing,0.09016696346674301,panicked,0.09016696346674301,wienie,0.09016696346674301,mild,0.09016696346674301,puzzle,0.09016696346674301,contraction,0.18070158058104982,chinese,0.13552618543578737,centimeters,0.13552618543578737,cash,0.13552618543578737,rub,0.13552618543578737,wienie,0.09035079029052491,weekend,0.09035079029052491,disrupt,0.09035079029052491,truly,0.09035079029052491,crossword,0.09035079029052491
Phoebe,S08,ursula,0.28442727788398586,mate,0.18961818525599058,concert,0.18961818525599058,treats,0.14221363894199293,guitar,0.14221363894199293,eric,0.14221363894199293,bus,0.14221363894199293,wrap,0.14221363894199293,sweaty,0.09480909262799529,marrying,0.09480909262799529,mate,0.19876159799998105,concert,0.19876159799998105,wrap,0.1490711984999858,treats,0.1490711984999858,guitar,0.1490711984999858,eric,0.1490711984999858,bus,0.1490711984999858,winter,0.09938079899999053,regina,0.09938079899999053,spade,0.09938079899999053
Monica,S08,calamari,0.15491933384829645,caesar,0.15491933384829645,stevens,0.1032795558988643,team,0.1032795558988643,supergirl,0.1032795558988643,mahi,0.1032795558988643,smells,0.1032795558988643,given,0.1032795558988643,vermont,0.1032795558988643,outfit,0.1032795558988643,calamari,0.15491933384829645,caesar,0.15491933384829645,spoke,0.1032795558988643,outfit,0.1032795558988643,vermont,0.1032795558988643,mahi,0.1032795558988643,overweight,0.1032795558988643,pounds,0.1032795558988643,smells,0.1032795558988643,lit,0.1032795558988643
Chandler,S04,nick,0.2079725827019254,confused,0.1663780661615403,toast,0.1663780661615403,fishnet,0.12478354962115523,unfortunately,0.12478354962115523,stockings,0.12478354962115523,announcement,0.12478354962115523,print,0.08318903308077015,pretending,0.08318903308077015,position,0.08318903308077015,nick,0.2079725827019254,toast,0.1663780661615403,confused,0.1663780661615403,announcement,0.12478354962115523,unfortunately,0.12478354962115523,fishnet,0.12478354962115523,stockings,0.12478354962115523,uhl,0.08318903308077015,fetch,0.08318903308077015,buck,0.08318903308077015
Joey,S04,abbey,0.17102764992360484,heston,0.17102764992360484,pee,0.12827073744270362,transmission,0.12827073744270362,lean,0.12827073744270362,police,0.12827073744270362,westminster,0.12827073744270362,pal,0.12827073744270362,climb,0.12827073744270362,charlton,0.12827073744270362,heston,0.17165643016914953,abbey,0.17165643016914953,charlton,0.12874232262686214,transmission,0.12874232262686214,westminster,0.12874232262686214,climb,0.12874232262686214,lean,0.12874232262686214,pal,0.12874232262686214,police,0.12874232262686214,pee,0.12874232262686214
Ross,S04,gentlemen,0.2929408827230805,challenge,0.16739479012747457,begins,0.16739479012747457,categories,0.16739479012747457,luckily,0.12554609259560592,necklace,0.12554609259560592,played,0.12554609259560592,postpone,0.08369739506373729,profession,0.08369739506373729,whoo,0.08369739506373729,gentlemen,0.2931977358041863,categories,0.16754156331667788,challenge,0.16754156331667788,begins,0.16754156331667788,necklace,0.1256561724875084,played,0.1256561724875084,luckily,0.1256561724875084,julio,0.08377078165833894,favor,0.08377078165833894,sunday,0.08377078165833894
Rachel,S04,assistant,0.28295822920905467,buyer,0.20211302086361047,bloomingdale,0.20211302086361047,walls,0.16169041669088838,greep,0.16169041669088838,report,0.12126781251816628,memories,0.12126781251816628,suit,0.12126781251816628,finished,0.12126781251816628,coat,0.12126781251816628,assistant,0.2838874869788339,buyer,0.20277677641345282,bloomingdale,0.20277677641345282,walls,0.16222142113076227,greep,0.16222142113076227,report,0.12166606584807169,memories,0.12166606584807169,suit,0.12166606584807169,finished,0.12166606584807169,coat,0.12166606584807169
Phoebe,S04,uterus,0.2649539074365623,smelly,0.2271033492313391,rick,0.18925279102611592,platting,0.18925279102611592,percent,0.15140223282089274,massage,0.15140223282089274,pulled,0.15140223282089274,sticky,0.15140223282089274,whore,0.15140223282089274,kicking,0.11355167461566955,uterus,0.2659080117391549,smelly,0.22792115291927562,platting,0.18993429409939636,rick,0.18993429409939636,pulled,0.1519474352795171,massage,0.1519474352795171,sticky,0.1519474352795171,percent,0.1519474352795171,whore,0.1519474352795171,news,0.11396057645963781
Monica,S04,sauce,0.2359645890915039,specials,0.14157875345490234,marinara,0.14157875345490234,partners,0.14157875345490234,swordfish,0.14157875345490234,salmon,0.14157875345490234,drops,0.14157875345490234,motorcycle,0.14157875345490234,bags,0.14157875345490234,chinadolor,0.09438583563660155,sauce,0.23755716907278948,specials,0.14253430144367368,bags,0.14253430144367368,marinara,0.14253430144367368,drops,0.14253430144367368,motorcycle,0.14253430144367368,partners,0.14253430144367368,swordfish,0.14253430144367368,salmon,0.14253430144367368,wire,0.0950228676291158
Chandler,S03,touching,0.12609940551275925,beers,0.12609940551275925,dull,0.12609940551275925,smallest,0.12609940551275925,shorts,0.12609940551275925,yasmine,0.12609940551275925,drawer,0.0840662703418395,entire,0.0840662703418395,alien,0.0840662703418395,fully,0.0840662703418395,shorts,0.1266600992762244,smallest,0.1266600992762244,dull,0.1266600992762244,beers,0.1266600992762244,yasmine,0.1266600992762244,touching,0.1266600992762244,barely,0.0844400661841496,sample,0.0844400661841496,nubbin,0.0844400661841496,powers,0.0844400661841496
Joey,S03,soap,0.23267002029884398,blank,0.23267002029884398,agent,0.23267002029884398,ugly,0.15511334686589598,card,0.15511334686589598,lauren,0.15511334686589598,sweater,0.15511334686589598,director,0.11633501014942199,wire,0.11633501014942199,operas,0.11633501014942199,soap,0.23267002029884398,blank,0.23267002029884398,agent,0.23267002029884398,sweater,0.15511334686589598,ugly,0.15511334686589598,lauren,0.15511334686589598,card,0.15511334686589598,opera,0.11633501014942199,operas,0.11633501014942199,poke,0.11633501014942199
Ross,S03,spacecamp,0.1620881796946212,rough,0.1215661347709659,losing,0.1215661347709659,screamed,0.1215661347709659,option,0.1215661347709659,upset,0.1215661347709659,haa,0.1215661347709659,dialing,0.1215661347709659,letter,0.0810440898473106,silvia,0.0810440898473106,spacecamp,0.16222142113076218,screamed,0.12166606584807163,upset,0.12166606584807163,rough,0.12166606584807163,losing,0.12166606584807163,option,0.12166606584807163,haa,0.12166606584807163,dialing,0.12166606584807163,scrud,0.08111071056538109,letting,0.08111071056538109
Rachel,S03,blah,0.5578833980497357,ranger,0.12874232262686208,lingerie,0.12874232262686208,barry,0.12874232262686208,serving,0.08582821508457472,margaritas,0.08582821508457472,lame,0.08582821508457472,shave,0.08582821508457472,summer,0.08582821508457472,038,0.08582821508457472,blah,0.5625650191302889,ranger,0.12982269672237437,lingerie,0.12982269672237437,uhh,0.0865484644815829,shave,0.0865484644815829,serving,0.0865484644815829,margaritas,0.0865484644815829,summer,0.0865484644815829,theme,0.0865484644815829,shorter,0.0865484644815829
Phoebe,S03,sergei,0.19733425949096423,following,0.19733425949096423,smelly,0.19733425949096423,boutros,0.15786740759277137,jingle,0.15786740759277137,ursula,0.15786740759277137,translator,0.11840055569457854,leslie,0.11840055569457854,buffay,0.11840055569457854,ick,0.11840055569457854,smelly,0.20725666807241916,following,0.20725666807241916,jingle,0.16580533445793533,boutros,0.16580533445793533,ick,0.1243540008434515,translator,0.1243540008434515,annie,0.1243540008434515,waxine,0.1243540008434515,alice,0.08290266722896766,ameri,0.08290266722896766
Monica,S03,involve,0.19425717247145244,wedgies,0.14569287935358935,brave,0.14569287935358935,bowl,0.14569287935358935,hummina,0.14569287935358935,outgoing,0.14569287935358935,burners,0.09712858623572622,squishing,0.09712858623572622,dump,0.09712858623572622,carpet,0.09712858623572622,involve,0.1944866553305257,outgoing,0.14586499149789428,wedgies,0.14586499149789428,hummina,0.14586499149789428,brave,0.14586499149789428,bowl,0.14586499149789428,waxing,0.09724332766526285,racquetball,0.09724332766526285,weee,0.09724332766526285,places,0.09724332766526285
Chandler,S01,nina,0.23490461932490828,numbers,0.16778901380350592,perfection,0.13423121104280472,smoking,0.13423121104280472,balled,0.10067340828210354,tests,0.10067340828210354,thirty,0.10067340828210354,trppd,0.10067340828210354,wth,0.10067340828210354,boom,0.10067340828210354,numbers,0.17261916993993112,smoking,0.1380953359519449,perfection,0.1380953359519449,boom,0.10357150196395867,aurora,0.10357150196395867,tests,0.10357150196395867,thirty,0.10357150196395867,balled,0.10357150196395867,vstbl,0.10357150196395867,wth,0.10357150196395867
Joey,S01,push,0.370592843689663,mississippi,0.13897231638362365,ninety,0.13897231638362365,sidney,0.13897231638362365,hockey,0.13897231638362365,aramis,0.13897231638362365,agent,0.13897231638362365,mommy,0.09264821092241575,robe,0.09264821092241575,woowoo,0.09264821092241575,push,0.37099111660813405,hockey,0.13912166872805026,agent,0.13912166872805026,mississippi,0.13912166872805026,ninety,0.13912166872805026,sidney,0.13912166872805026,aramis,0.13912166872805026,helping,0.09274777915203351,cream,0.09274777915203351,usually,0.09274777915203351
Ross,S01,blah,0.22978625750451442,chi,0.16413304107465315,mee,0.16413304107465315,willick,0.13130643285972252,damnit,0.13130643285972252,jordie,0.13130643285972252,passed,0.13130643285972252,puck,0.13130643285972252,vet,0.0984798246447919,base,0.0984798246447919,blah,0.22978625750451442,chi,0.16413304107465315,mee,0.16413304107465315,willick,0.13130643285972252,damnit,0.13130643285972252,jordie,0.13130643285972252,passed,0.13130643285972252,puck,0.13130643285972252,grabbed,0.0984798246447919,vet,0.0984798246447919
Rachel,S01,shoop,0.37763161123350936,ooo,0.1678362716593375,mah,0.12587720374450312,weebles,0.12587720374450312,shopping,0.12587720374450312,pardon,0.12587720374450312,interview,0.12587720374450312,gravy,0.12587720374450312,central,0.12587720374450312,cart,0.12587720374450312,shoop,0.37763161123350936,ooo,0.1678362716593375,shopping,0.12587720374450312,pardon,0.12587720374450312,interview,0.12587720374450312,weebles,0.12587720374450312,central,0.12587720374450312,cart,0.12587720374450312,mah,0.12587720374450312,gravy,0.12587720374450312
Phoebe,S01,ree,0.38516444325982124,minsk,0.2567762955065475,negative,0.21398024625545625,oooh,0.21398024625545625,massage,0.171184197004365,debbie,0.12838814775327376,bird,0.12838814775327376,spasm,0.0855920985021825,scary,0.0855920985021825,thermos,0.0855920985021825,oooh,0.24140227479263354,negative,0.24140227479263354,massage,0.19312181983410684,debbie,0.14484136487558014,bird,0.14484136487558014,soda,0.09656090991705342,pigeon,0.09656090991705342,scary,0.09656090991705342,universe,0.09656090991705342,spasm,0.09656090991705342
Monica,S01,wendy,0.287941524426404,gosh,0.16453801395794515,healthy,0.12340351046845886,drop,0.12340351046845886,vegetarian,0.12340351046845886,insurance,0.12340351046845886,senior,0.12340351046845886,syl,0.12340351046845886,salmon,0.12340351046845886,wake,0.08226900697897258,gosh,0.1718147118350228,insurance,0.1288610338762671,syl,0.1288610338762671,salmon,0.1288610338762671,senior,0.1288610338762671,vegetarian,0.1288610338762671,healthy,0.1288610338762671,drop,0.1288610338762671,quietly,0.0859073559175114,onion,0.0859073559175114
Chandler,S06,bing,0.22610781582306674,mixed,0.13566468949384006,pride,0.13566468949384006,steve,0.13566468949384006,aww,0.13566468949384006,exchange,0.0904431263292267,champagne,0.0904431263292267,closer,0.0904431263292267,cable,0.0904431263292267,coulda,0.0904431263292267,mixed,0.140180794054799,steve,0.140180794054799,pride,0.140180794054799,aww,0.140180794054799,official,0.09345386270319933,willing,0.09345386270319933,puts,0.09345386270319933,proposed,0.09345386270319933,unpacked,0.09345386270319933,post,0.09345386270319933
Joey,S06,wayne,0.30611149271735194,famous,0.22958361953801396,stomach,0.15305574635867597,momma,0.15305574635867597,400,0.15305574635867597,medical,0.11479180976900698,pacino,0.11479180976900698,turned,0.11479180976900698,watering,0.11479180976900698,serve,0.11479180976900698,famous,0.24313226954193187,momma,0.16208817969462125,400,0.16208817969462125,stomach,0.16208817969462125,turned,0.12156613477096594,watering,0.12156613477096594,serve,0.12156613477096594,pacino,0.12156613477096594,medical,0.12156613477096594,panties,0.08104408984731062
Ross,S06,typing,0.2463904687059542,theories,0.2053253905882952,danger,0.2053253905882952,phasing,0.1231952343529771,actual,0.1231952343529771,threesome,0.1231952343529771,poster,0.1231952343529771,frowned,0.1231952343529771,sediment,0.1231952343529771,wha,0.1231952343529771,typing,0.2463904687059542,danger,0.2053253905882952,theories,0.2053253905882952,frowned,0.1231952343529771,flow,0.1231952343529771,threesome,0.1231952343529771,wha,0.1231952343529771,phasing,0.1231952343529771,poster,0.1231952343529771,sediment,0.1231952343529771
Rachel,S06,kim,0.22727272727272696,bob,0.18181818181818155,event,0.13636363636363616,flicks,0.13636363636363616,bid,0.13636363636363616,kappa,0.13636363636363616,raquel,0.13636363636363616,resources,0.13636363636363616,emily,0.09090909090909077,tux,0.09090909090909077,bob,0.1867040112037343,raquel,0.14002800840280075,resources,0.14002800840280075,bid,0.14002800840280075,flicks,0.14002800840280075,event,0.14002800840280075,kappa,0.14002800840280075,shared,0.09335200560186716,antique,0.09335200560186716,sooo,0.09335200560186716
Phoebe,S06,leslie,0.2560737598657917,marcia,0.21339479988815974,chester,0.21339479988815974,triplets,0.12803687993289584,tiara,0.12803687993289584,psychic,0.12803687993289584,alice,0.12803687993289584,company,0.12803687993289584,client,0.12803687993289584,cab,0.12803687993289584,chester,0.22075539284417373,marcia,0.22075539284417373,cab,0.13245323570650425,client,0.13245323570650425,company,0.13245323570650425,burned,0.13245323570650425,triplets,0.13245323570650425,tiara,0.13245323570650425,psychic,0.13245323570650425,alice,0.13245323570650425
Monica,S06,sweetie,0.37416573867739383,lounger,0.1603567451474545,significant,0.1603567451474545,mirror,0.1603567451474545,oysters,0.1603567451474545,harm,0.1603567451474545,barca,0.1603567451474545,tear,0.10690449676496966,rocking,0.10690449676496966,rolled,0.10690449676496966,sweetie,0.37470140930053214,mirror,0.16058631827165662,significant,0.16058631827165662,lounger,0.16058631827165662,oysters,0.16058631827165662,harm,0.16058631827165662,barca,0.16058631827165662,tear,0.10705754551443776,rocking,0.10705754551443776,shed,0.10705754551443776
Chandler,S10,owen,0.1883526437392041,cranberries,0.14126448280440307,places,0.14126448280440307,halls,0.09417632186960205,firm,0.09417632186960205,closet,0.09417632186960205,trade,0.09417632186960205,corn,0.09417632186960205,wiggle,0.09417632186960205,cooler,0.09417632186960205,places,0.143838990445615,cranberries,0.143838990445615,shovely,0.09589266029707666,slave,0.09589266029707666,loving,0.09589266029707666,wiggle,0.09589266029707666,melrose,0.09589266029707666,shovel,0.09589266029707666,killer,0.09589266029707666,rose,0.09589266029707666
Joey,S10,quack,0.3843312210120432,tweet,0.3458980989108389,audition,0.1921656105060216,pizza,0.11529936630361297,mae,0.11529936630361297,bleu,0.11529936630361297,warming,0.11529936630361297,blah,0.11529936630361297,speak,0.11529936630361297,snow,0.11529936630361297,quack,0.38461538461538386,tweet,0.3461538461538455,audition,0.19230769230769193,blah,0.11538461538461516,pooh,0.11538461538461516,mae,0.11538461538461516,blu,0.11538461538461516,bleu,0.11538461538461516,speak,0.11538461538461516,snow,0.11538461538461516
Ross,S10,correct,0.2171861213815342,tenure,0.2171861213815342,bottle,0.17374889710522737,grant,0.17374889710522737,field,0.13031167282892053,daughter,0.13031167282892053,margaritas,0.13031167282892053,review,0.13031167282892053,paleontology,0.13031167282892053,barely,0.08687444855261368,tenure,0.2173913043478256,correct,0.2173913043478256,bottle,0.17391304347826048,grant,0.17391304347826048,field,0.13043478260869537,paleontology,0.13043478260869537,review,0.13043478260869537,daughter,0.13043478260869537,margaritas,0.13043478260869537,soft,0.08695652173913024
Rachel,S10,gucci,0.2631578947368417,shoe,0.2631578947368417,spider,0.21052631578947337,atkins,0.10526315789473668,weirdest,0.10526315789473668,excellent,0.10526315789473668,followed,0.10526315789473668,group,0.10526315789473668,geez,0.10526315789473668,boxes,0.10526315789473668,gucci,0.2661231477061743,shoe,0.2661231477061743,spider,0.21289851816493946,excellent,0.10644925908246973,boxes,0.10644925908246973,group,0.10644925908246973,geez,0.10644925908246973,weirdest,0.10644925908246973,followed,0.10644925908246973,woken,0.10644925908246973
Phoebe,S10,bam,0.319744306790972,appelle,0.1998401917443575,bunch,0.159872153395486,uhuh,0.159872153395486,rita,0.11990411504661451,banana,0.11990411504661451,proposing,0.11990411504661451,lorkins,0.11990411504661451,hammock,0.11990411504661451,bile,0.11990411504661451,bam,0.32025630761017365,appelle,0.20016019225635853,uhuh,0.16012815380508683,bunch,0.16012815380508683,bile,0.12009611535381512,banana,0.12009611535381512,rita,0.12009611535381512,hammock,0.12009611535381512,susie,0.12009611535381512,lorkins,0.12009611535381512
Monica,S10,flock,0.28834159879932714,smoke,0.14417079939966357,whoa,0.14417079939966357,houses,0.14417079939966357,adopt,0.14417079939966357,recognize,0.09611386626644239,overwhelming,0.09611386626644239,settled,0.09611386626644239,walls,0.09611386626644239,nana,0.09611386626644239,flock,0.2900209467136986,smoke,0.1450104733568493,houses,0.1450104733568493,whoa,0.1450104733568493,adopt,0.1450104733568493,ceremony,0.0966736489045662,ordered,0.0966736489045662,picking,0.0966736489045662,chairs,0.0966736489045662,kitchen,0.0966736489045662
